"Дата","Цена","Откр.","Макс.","Мин.","Объём","Изм. %"
"26.12.2021","416,95","422,00","423,85","416,65","878,25K","-1,28%"
"19.12.2021","422,35","404,25","424,25","400,00","1,09M","2,25%"
"12.12.2021","413,05","422,05","424,85","409,40","1,88M","-1,90%"
"05.12.2021","421,05","402,95","433,65","402,20","1,94M","5,03%"
"28.11.2021","400,90","405,90","408,85","392,75","2,78M","-0,35%"
"21.11.2021","402,30","424,50","425,50","400,50","2,01M","-5,45%"
"14.11.2021","425,50","422,00","430,45","420,30","2,07M","1,08%"
"07.11.2021","420,95","412,05","422,95","409,80","1,27M","1,97%"
"31.10.2021","412,80","396,15","415,60","396,10","1,63M","4,52%"
"24.10.2021","394,95","390,00","394,95","383,85","1,79M","1,78%"
"17.10.2021","388,05","368,10","394,50","360,30","2,17M","5,01%"
"10.10.2021","369,55","357,15","373,50","351,20","1,98M","3,34%"
"03.10.2021","357,60","358,65","366,70","356,15","1,84M","-1,09%"
"26.09.2021","361,55","380,20","380,45","351,00","2,61M","-4,44%"
"19.09.2021","378,35","378,00","389,50","370,80","2,02M","-1,11%"
"12.09.2021","382,60","399,15","402,65","380,55","2,12M","-3,95%"
"05.09.2021","398,35","395,50","401,10","387,35","1,30M","0,89%"
"29.08.2021","394,85","393,20","402,15","392,00","1,44M","0,32%"
"22.08.2021","393,60","395,45","396,95","390,00","1,17M","0,28%"
"15.08.2021","392,50","400,85","401,15","381,55","1,85M","-2,63%"
"08.08.2021","403,10","399,30","406,25","397,00","1,28M","1,01%"
"01.08.2021","399,05","387,55","400,75","386,90","1,43M","3,41%"
"25.07.2021","385,90","385,85","388,75","379,80","1,47M","-0,30%"
"18.07.2021","387,05","373,30","387,40","371,30","1,79M","3,32%"
"11.07.2021","374,60","370,60","378,80","370,30","1,45M","0,75%"
"04.07.2021","371,80","372,20","376,95","360,45","2,14M","-0,23%"
"27.06.2021","372,65","385,60","387,00","371,50","1,92M","-3,31%"
"20.06.2021","385,40","389,15","391,55","381,20","2,04M","-1,26%"
"13.06.2021","390,30","385,75","395,95","382,60","2,31M","1,63%"
"06.06.2021","384,05","377,00","385,15","376,45","1,81M","2,03%"
"30.05.2021","376,40","371,10","377,65","367,00","1,58M","1,31%"
"23.05.2021","371,55","362,45","372,40","362,30","1,73M","2,84%"
"16.05.2021","361,30","353,25","362,65","346,55","1,73M","2,54%"
"09.05.2021","352,35","350,65","353,35","342,30","1,63M","0,70%"
"02.05.2021","349,90","341,85","351,35","340,70","1,95M","2,41%"
"25.04.2021","341,65","344,85","346,20","335,80","1,68M","-1,10%"
"18.04.2021","345,45","336,50","350,65","336,00","1,91M","2,64%"
"11.04.2021","336,55","338,95","344,45","331,90","1,86M","-0,56%"
"04.04.2021","338,45","326,25","341,15","325,75","1,35M","4,51%"
"28.03.2021","323,85","325,40","329,10","322,45","1,29M","0,08%"
"21.03.2021","323,60","319,50","324,90","316,10","1,61M","1,00%"
"14.03.2021","320,40","323,90","326,40","318,90","2,52M","-0,68%"
"07.03.2021","322,60","309,70","323,50","304,30","2,02M","4,47%"
"28.02.2021","308,80","306,10","311,80","304,00","1,99M","1,98%"
"21.02.2021","302,80","314,70","314,70","302,20","1,77M","-4,21%"
"14.02.2021","316,10","319,00","320,00","311,10","2,03M","-0,69%"
"07.02.2021","318,30","309,50","319,40","306,90","2,14M","4,16%"
"31.01.2021","305,60","293,30","306,70","292,40","2,29M","5,34%"
"24.01.2021","290,10","296,70","302,90","290,10","2,31M","-2,09%"
"17.01.2021","296,30","296,60","298,80","292,70","1,80M","-0,70%"
"10.01.2021","298,40","305,70","306,60","295,20","1,89M","-2,58%"
"03.01.2021","306,30","314,80","316,10","302,60","1,80M","-1,45%"
"27.12.2020","310,80","303,90","314,10","301,20","868,55K","2,81%"
"20.12.2020","302,30","303,10","305,00","294,20","1,27M","-1,02%"
"13.12.2020","305,40","303,70","311,30","301,80","2,75M","0,96%"
"06.12.2020","302,50","306,20","306,50","299,20","1,85M","-1,24%"
"29.11.2020","306,30","308,80","309,60","302,80","2,38M","-0,97%"
"22.11.2020","309,30","313,20","313,40","295,60","2,73M","-0,90%"
"15.11.2020","312,10","316,00","320,90","309,80","2,50M","-0,67%"
"08.11.2020","314,20","300,30","321,40","299,40","3,42M","5,79%"
"01.11.2020","297,00","279,30","303,10","276,80","2,62M","6,95%"
"25.10.2020","277,70","286,80","288,30","275,10","2,89M","-3,78%"
"18.10.2020","288,60","293,30","295,00","282,90","1,79M","-0,96%"
"11.10.2020","291,40","283,00","293,70","281,20","2,03M","3,19%"
"04.10.2020","282,40","282,50","283,10","276,60","1,62M","0,43%"
"27.09.2020","281,20","273,30","283,40","273,20","2,36M","3,88%"
"20.09.2020","270,70","276,00","279,70","269,30","2,47M","-2,13%"
"13.09.2020","276,60","283,30","284,30","274,50","2,46M","-1,98%"
"06.09.2020","282,20","274,50","284,20","273,80","1,90M","3,03%"
"30.08.2020","273,90","278,70","285,40","272,60","2,18M","-1,19%"
"23.08.2020","277,20","275,90","282,70","275,10","1,65M","1,20%"
"16.08.2020","273,90","279,60","283,40","272,30","1,92M","-1,65%"
"09.08.2020","278,50","278,40","283,60","275,10","2,01M","0,32%"
"02.08.2020","277,60","283,00","286,50","275,40","2,53M","-1,91%"
"26.07.2020","283,00","283,80","291,50","279,50","2,73M","-0,67%"
"19.07.2020","284,90","290,30","292,60","283,30","2,11M","-1,86%"
"12.07.2020","290,30","290,50","294,90","282,30","2,64M","0,59%"
"05.07.2020","288,60","295,00","295,00","281,10","2,12M","-0,35%"
"28.06.2020","289,60","283,50","297,20","280,40","2,43M","1,58%"
"21.06.2020","285,10","277,10","287,20","274,70","2,33M","2,11%"
"14.06.2020","279,20","260,00","283,10","255,10","3,39M","6,00%"
"07.06.2020","263,40","268,10","270,80","260,80","3,19M","-2,34%"
"31.05.2020","269,70","264,00","272,80","257,50","3,50M","2,98%"
"24.05.2020","261,90","250,20","263,50","244,80","3,21M","5,56%"
"17.05.2020","248,10","248,10","254,50","243,40","2,53M","2,22%"
"10.05.2020","242,70","254,20","257,80","239,10","2,13M","-4,26%"
"03.05.2020","253,50","255,00","257,50","243,00","2,59M","-4,45%"
"26.04.2020","265,30","245,70","265,30","242,70","2,43M","9,04%"
"19.04.2020","243,30","248,00","256,00","241,60","2,30M","-1,74%"
"12.04.2020","247,60","247,20","256,80","236,40","2,69M","1,14%"
"05.04.2020","244,80","241,60","249,30","233,20","2,51M","3,60%"
"29.03.2020","236,30","238,70","246,30","229,00","3,47M","-1,54%"
"22.03.2020","240,00","217,90","255,40","213,90","4,89M","5,73%"
"15.03.2020","227,00","206,30","243,50","196,00","7,06M","5,09%"
"08.03.2020","216,00","236,80","246,90","210,10","9,95M","-14,86%"
"01.03.2020","253,70","246,20","263,10","239,50","5,71M","5,27%"
"23.02.2020","241,00","258,60","261,10","235,20","5,81M","-9,40%"
"16.02.2020","266,00","269,10","273,40","263,20","2,28M","-0,82%"
"09.02.2020","268,20","270,50","273,40","266,00","2,21M","-0,92%"
"02.02.2020","270,70","252,30","278,50","252,30","3,09M","7,46%"
"26.01.2020","251,90","265,10","265,10","251,90","3,26M","-6,88%"
"19.01.2020","270,50","273,40","274,90","266,30","1,98M","-1,74%"
"12.01.2020","275,30","263,10","276,20","259,50","2,24M","4,32%"
"05.01.2020","263,90","261,30","264,80","257,80","1,91M","0,00%"
"29.12.2019","263,90","265,90","266,70","260,60","970,34K","-0,83%"
"22.12.2019","266,10","264,60","267,60","263,20","647,57K","0,53%"
"15.12.2019","264,70","257,70","265,40","255,10","2,96M","3,28%"
"08.12.2019","256,30","255,60","258,70","250,20","2,08M","-0,16%"
"01.12.2019","256,70","257,90","259,70","248,30","2,34M","-0,77%"
"24.11.2019","258,70","256,00","260,20","254,00","1,80M","1,29%"
"17.11.2019","255,40","260,80","262,70","254,90","1,84M","-2,33%"
"10.11.2019","261,50","263,90","264,80","259,80","1,68M","-1,06%"
"03.11.2019","264,30","260,40","265,50","258,70","2,17M","1,50%"
"27.10.2019","260,40","243,00","266,60","240,50","3,03M","7,03%"
"20.10.2019","243,30","240,50","243,30","235,50","2,21M","1,08%"
"13.10.2019","240,70","242,70","247,90","239,50","2,39M","-1,03%"
"06.10.2019","243,20","246,70","250,70","241,10","2,20M","-1,14%"
"29.09.2019","246,00","252,90","258,90","239,40","2,96M","-2,92%"
"22.09.2019","253,40","247,00","253,80","244,80","2,03M","1,77%"
"15.09.2019","249,00","243,70","249,30","241,40","2,75M","1,88%"
"08.09.2019","244,40","251,20","252,20","243,80","2,94M","-2,71%"
"01.09.2019","251,20","247,60","255,60","247,10","2,31M","1,05%"
"25.08.2019","248,60","236,00","251,10","233,50","3,01M","5,29%"
"18.08.2019","236,10","234,30","241,50","233,40","2,33M","1,20%"
"11.08.2019","233,30","234,30","235,50","226,40","2,78M","0,26%"
"04.08.2019","232,70","236,00","238,90","228,00","3,41M","-2,06%"
"28.07.2019","237,60","248,30","252,80","235,30","3,11M","-4,62%"
"21.07.2019","249,10","248,30","251,80","246,00","2,13M","0,44%"
"14.07.2019","248,00","251,10","253,70","247,70","1,75M","-1,39%"
"07.07.2019","251,50","253,20","255,70","250,10","1,57M","-0,47%"
"30.06.2019","252,70","252,00","257,80","248,80","1,73M","0,88%"
"23.06.2019","250,50","255,40","256,80","246,20","2,23M","-1,88%"
"16.06.2019","255,30","247,20","257,30","247,10","3,02M","2,94%"
"09.06.2019","248,00","245,10","248,40","243,80","1,72M","1,18%"
"02.06.2019","245,10","240,00","246,40","238,10","2,08M","1,96%"
"26.05.2019","240,40","244,70","245,70","238,30","2,05M","-1,15%"
"19.05.2019","243,20","243,00","244,10","238,70","2,20M","-0,16%"
"12.05.2019","243,60","235,90","244,90","233,10","2,37M","3,66%"
"05.05.2019","235,00","238,50","241,50","234,80","2,01M","-2,61%"
"28.04.2019","241,30","238,50","245,20","238,00","2,01M","-0,25%"
"21.04.2019","241,90","242,30","245,60","239,00","1,93M","-0,53%"
"14.04.2019","243,20","239,50","245,80","237,20","2,57M","1,21%"
"07.04.2019","240,30","240,60","242,50","238,40","1,78M","0,13%"
"31.03.2019","240,00","241,30","241,70","237,50","2,26M","0,08%"
"24.03.2019","239,80","234,00","240,30","233,50","2,01M","2,17%"
"17.03.2019","234,70","235,20","237,80","233,90","2,08M","-0,59%"
"10.03.2019","236,10","227,00","237,20","225,10","2,72M","3,06%"
"03.03.2019","229,10","224,00","229,90","222,80","2,09M","2,55%"
"24.02.2019","223,40","224,90","225,70","218,50","2,09M","-0,76%"
"17.02.2019","225,10","221,50","226,70","221,50","1,77M","1,49%"
"10.02.2019","221,80","218,10","226,00","218,10","3,09M","1,37%"
"03.02.2019","218,80","211,80","219,90","210,40","3,23M","3,31%"
"27.01.2019","211,80","199,30","212,20","198,45","2,64M","5,58%"
"20.01.2019","200,60","199,05","202,10","196,55","2,02M","0,40%"
"13.01.2019","199,80","196,30","200,50","194,55","2,21M","0,93%"
"06.01.2019","197,95","200,80","200,80","195,05","2,38M","-1,03%"
"30.12.2018","200,00","198,05","201,30","196,00","1,52M","0,96%"
"23.12.2018","198,10","198,80","200,50","193,20","1,14M","-1,30%"
"16.12.2018","200,70","204,10","205,30","198,05","3,40M","-1,76%"
"09.12.2018","204,30","206,50","211,90","203,30","3,11M","-0,83%"
"02.12.2018","206,00","212,10","214,30","202,00","3,13M","-0,91%"
"25.11.2018","207,90","206,30","210,50","204,80","2,63M","0,73%"
"18.11.2018","206,40","208,00","209,20","201,70","2,29M","-0,58%"
"11.11.2018","207,60","205,90","210,30","204,60","2,77M","0,97%"
"04.11.2018","205,60","200,90","206,60","200,40","2,38M","2,24%"
"28.10.2018","201,10","189,10","201,90","184,05","3,70M","6,35%"
"21.10.2018","189,10","193,30","193,90","186,65","2,89M","-1,15%"
"14.10.2018","191,30","183,50","193,15","182,00","3,33M","3,97%"
"07.10.2018","184,00","200,80","201,80","184,00","3,34M","-8,64%"
"30.09.2018","201,40","207,00","208,60","199,65","2,24M","-3,03%"
"23.09.2018","207,70","205,30","209,50","201,40","2,23M","0,78%"
"16.09.2018","206,10","202,10","206,50","199,15","3,15M","2,08%"
"09.09.2018","201,90","199,35","205,20","198,25","2,15M","1,36%"
"02.09.2018","199,20","205,90","208,00","197,25","2,29M","-3,63%"
"26.08.2018","206,70","207,80","210,60","205,70","1,97M","0,05%"
"19.08.2018","206,60","203,90","207,90","202,60","1,76M","1,57%"
"12.08.2018","203,40","205,90","209,70","200,70","2,39M","-1,02%"
"05.08.2018","205,50","212,40","214,90","205,10","2,20M","-3,11%"
"29.07.2018","212,10","205,50","212,50","204,50","2,29M","2,96%"
"22.07.2018","206,00","211,60","211,60","200,80","3,17M","-2,78%"
"15.07.2018","211,90","208,40","213,20","207,70","2,33M","0,52%"
"08.07.2018","210,80","206,20","211,20","204,90","2,47M","2,43%"
"01.07.2018","205,80","209,80","212,40","204,60","2,94M","-2,70%"
"24.06.2018","211,50","208,60","212,00","205,70","2,52M","0,91%"
"17.06.2018","209,60","212,10","212,40","206,10","2,72M","-1,27%"
"10.06.2018","212,30","207,00","214,40","205,50","3,36M","3,01%"
"03.06.2018","206,10","207,60","210,80","202,00","2,54M","-0,34%"
"27.05.2018","206,80","208,00","209,80","204,50","3,14M","-0,14%"
"20.05.2018","207,10","204,90","210,20","203,80","3,19M","1,17%"
"13.05.2018","204,70","200,00","206,40","199,75","2,58M","2,20%"
"06.05.2018","200,30","198,30","201,80","197,25","1,86M","0,65%"
"29.04.2018","199,00","195,00","199,30","194,00","3,55M","1,07%"
"22.04.2018","196,90","190,00","196,90","188,40","3,76M","2,87%"
"15.04.2018","191,40","191,00","193,85","189,10","2,82M","0,13%"
"08.04.2018","191,15","190,20","193,95","188,30","2,85M","0,47%"
"01.04.2018","190,25","183,85","191,20","182,05","3,10M","3,76%"
"25.03.2018","183,35","176,45","184,50","173,50","2,65M","4,21%"
"18.03.2018","175,95","179,35","182,20","175,40","2,88M","-2,28%"
"11.03.2018","180,05","182,80","182,85","177,95","3,24M","-0,88%"
"04.03.2018","181,65","171,20","182,85","170,50","2,78M","6,17%"
"25.02.2018","171,10","180,00","181,60","170,70","3,01M","-4,25%"
"18.02.2018","178,70","177,00","178,80","172,35","2,49M","1,07%"
"11.02.2018","176,80","174,00","177,45","172,90","4,24M","2,58%"
"04.02.2018","172,35","179,10","179,30","170,30","5,28M","-4,59%"
"28.01.2018","180,65","182,45","184,50","179,35","2,90M","-1,07%"
"21.01.2018","182,60","185,30","186,95","180,90","2,53M","-1,72%"
"14.01.2018","185,80","183,95","186,00","181,95","2,26M","0,95%"
"07.01.2018","184,05","186,50","188,85","183,60","2,59M","-1,52%"
"31.12.2017","186,90","184,80","187,05","181,40","1,90M","1,05%"
"24.12.2017","184,95","186,55","188,20","184,95","847,18K","-0,99%"
"17.12.2017","186,80","188,60","190,80","185,30","2,18M","-0,24%"
"10.12.2017","187,25","190,00","190,70","185,50","3,16M","-0,61%"
"03.12.2017","188,40","185,65","189,55","184,10","2,63M","2,06%"
"26.11.2017","184,60","186,70","188,55","184,05","2,77M","-1,39%"
"19.11.2017","187,20","185,10","189,10","184,85","1,86M","0,97%"
"12.11.2017","185,40","186,30","187,30","182,95","2,63M","-0,43%"
"05.11.2017","186,20","192,10","193,20","184,10","3,06M","-3,32%"
"29.10.2017","192,60","190,00","194,95","188,50","2,48M","1,26%"
"22.10.2017","190,20","185,35","191,55","182,50","2,81M","2,51%"
"15.10.2017","185,55","188,20","189,95","185,05","2,61M","-1,56%"
"08.10.2017","188,50","180,80","188,80","180,55","2,30M","4,29%"
"01.10.2017","180,75","180,00","182,75","179,20","1,92M","0,47%"
"24.09.2017","179,90","181,05","182,65","176,35","3,46M","-0,58%"
"17.09.2017","180,95","179,10","188,50","176,15","3,07M","1,15%"
"10.09.2017","178,90","179,30","180,95","178,25","3,13M","0,17%"
"03.09.2017","178,60","176,90","179,00","175,35","2,10M","0,37%"
"27.08.2017","177,95","177,05","178,75","175,30","2,27M","-0,06%"
"20.08.2017","178,05","174,55","180,40","173,70","2,64M","1,51%"
"13.08.2017","175,40","174,00","177,50","173,40","2,11M","1,04%"
"06.08.2017","173,60","176,55","177,40","172,55","2,54M","-1,67%"
"30.07.2017","176,55","175,80","177,35","173,75","3,04M","0,28%"
"23.07.2017","176,05","181,90","182,40","174,10","3,43M","-2,68%"
"16.07.2017","180,90","184,00","186,25","179,85","2,85M","-1,76%"
"09.07.2017","184,15","179,85","184,85","178,30","2,18M","2,68%"
"02.07.2017","179,35","183,20","183,40","177,70","2,80M","-1,67%"
"25.06.2017","182,40","192,00","197,15","182,20","4,03M","-3,03%"
"18.06.2017","188,10","192,25","193,10","187,45","2,28M","-1,52%"
"11.06.2017","191,00","189,40","191,00","186,60","3,65M","0,50%"
"04.06.2017","190,05","192,45","192,95","188,20","2,48M","-1,48%"
"28.05.2017","192,90","188,65","193,35","187,35","2,69M","2,01%"
"21.05.2017","189,10","186,95","189,65","186,65","2,15M","1,07%"
"14.05.2017","187,10","190,00","191,05","184,70","3,43M","-1,55%"
"07.05.2017","190,05","188,70","190,05","187,20","2,85M","0,80%"
"30.04.2017","188,55","182,90","188,90","182,80","2,09M","3,12%"
"23.04.2017","182,85","185,00","186,40","182,40","4,13M","1,13%"
"16.04.2017","180,80","182,00","183,00","179,30","3,38M","-0,14%"
"09.04.2017","181,05","179,55","182,10","178,90","2,07M","0,19%"
"02.04.2017","180,70","180,00","180,75","177,80","2,22M","0,31%"
"26.03.2017","180,15","176,60","180,15","176,35","2,64M","1,29%"
"19.03.2017","177,85","176,55","179,60","176,25","2,51M","0,23%"
"12.03.2017","177,45","177,20","178,00","176,15","2,77M","0,06%"
"05.03.2017","177,35","176,05","177,95","173,90","3,04M","0,51%"
"26.02.2017","176,45","176,45","177,25","173,85","3,07M","0,51%"
"19.02.2017","175,55","175,00","177,25","171,85","3,60M","-0,31%"
"12.02.2017","176,10","170,90","176,10","170,35","4,39M","3,53%"
"05.02.2017","170,10","171,05","174,00","169,15","2,76M","-0,56%"
"29.01.2017","171,05","170,60","172,35","167,75","2,93M","-0,15%"
"22.01.2017","171,30","169,70","172,75","168,85","2,50M","0,74%"
"15.01.2017","170,05","170,00","171,75","168,90","3,02M","-0,82%"
"08.01.2017","171,45","170,70","173,35","169,40","2,64M","0,70%"
"01.01.2017","170,25","172,65","174,00","168,45","2,37M","-1,82%"
"25.12.2016","173,40","172,20","173,40","171,40","1,21M","0,49%"
"18.12.2016","172,55","169,15","173,10","168,60","2,10M","2,04%"
"11.12.2016","169,10","166,90","170,00","165,40","3,96M","1,14%"
"04.12.2016","167,20","158,95","168,40","158,45","3,18M","5,26%"
"27.11.2016","158,85","161,95","164,00","156,85","3,00M","-1,85%"
"20.11.2016","161,85","160,15","162,25","158,40","2,60M","1,54%"
"13.11.2016","159,40","158,50","160,25","156,55","3,09M","1,43%"
"06.11.2016","157,15","166,20","166,95","156,50","4,00M","-4,82%"
"30.10.2016","165,10","165,35","170,00","161,10","3,45M","-0,54%"
"23.10.2016","166,00","167,60","168,25","164,10","2,04M","-0,72%"
"16.10.2016","167,20","167,20","169,60","166,00","2,56M","-0,42%"
"09.10.2016","167,90","163,50","169,35","160,70","2,98M","2,85%"
"02.10.2016","163,25","167,50","170,65","163,15","2,48M","-2,89%"
"25.09.2016","168,10","168,10","169,90","164,85","2,21M","-0,53%"
"18.09.2016","169,00","165,45","170,25","165,35","2,15M","2,67%"
"11.09.2016","164,60","165,10","168,80","163,95","3,23M","-1,53%"
"04.09.2016","167,15","175,00","175,55","166,60","2,32M","-4,24%"
"28.08.2016","174,55","170,80","174,65","167,75","2,16M","1,90%"
"21.08.2016","171,30","172,00","173,50","168,90","1,88M","-0,23%"
"14.08.2016","171,70","176,15","177,25","170,80","1,81M","-2,30%"
"07.08.2016","175,75","172,00","176,30","170,65","1,50M","2,21%"
"31.07.2016","171,95","170,90","172,45","167,70","2,38M","1,00%"
"24.07.2016","170,25","175,00","177,90","166,10","3,08M","-2,46%"
"17.07.2016","174,55","174,25","175,00","171,70","1,95M","0,09%"
"10.07.2016","174,40","173,25","174,95","171,85","2,26M","0,93%"
"03.07.2016","172,80","173,00","174,25","169,95","2,81M","0,20%"
"26.06.2016","172,45","162,45","173,85","162,00","4,17M","4,96%"
"19.06.2016","164,30","163,85","172,70","155,20","4,64M","1,83%"
"12.06.2016","161,35","162,05","164,05","158,10","3,85M","-1,25%"
"05.06.2016","163,40","167,30","169,95","162,80","2,48M","-2,80%"
"29.05.2016","168,10","166,35","169,90","165,80","2,70M","0,72%"
"22.05.2016","166,90","160,85","166,95","158,65","2,33M","3,89%"
"15.05.2016","160,65","158,20","161,25","156,65","2,56M","0,69%"
"08.05.2016","159,55","159,00","163,25","156,40","2,20M","1,14%"
"01.05.2016","157,75","158,15","159,70","155,65","2,62M","-0,44%"
"24.04.2016","158,45","163,15","165,95","157,95","3,47M","-3,06%"
"17.04.2016","163,45","156,45","169,45","156,45","3,98M","3,03%"
"10.04.2016","158,65","154,00","160,20","151,70","2,68M","2,55%"
"03.04.2016","154,70","154,45","156,95","153,25","2,67M","0,00%"
"27.03.2016","154,70","156,50","161,50","151,30","3,35M","-1,28%"
"20.03.2016","156,70","158,05","158,35","152,10","3,37M","-1,48%"
"13.03.2016","159,05","157,45","159,15","152,75","4,44M","1,79%"
"06.03.2016","156,25","155,10","162,20","151,20","3,49M","0,35%"
"28.02.2016","155,70","155,10","159,00","151,85","4,25M","-0,61%"
"21.02.2016","156,65","155,45","160,40","153,10","3,45M","1,29%"
"14.02.2016","154,65","152,05","156,70","150,75","5,18M","3,00%"
"07.02.2016","150,15","154,00","154,00","146,20","5,69M","-1,99%"
"31.01.2016","153,20","158,20","158,25","152,45","3,54M","-2,76%"
"24.01.2016","157,55","151,45","157,55","148,80","3,12M","4,68%"
"17.01.2016","150,50","145,30","151,25","142,65","4,32M","3,22%"
"10.01.2016","145,80","149,50","153,30","144,45","4,24M","-2,54%"
"03.01.2016","149,60","152,55","153,55","147,60","4,60M","-3,67%"
"27.12.2015","155,30","157,00","158,60","154,80","1,14M","-0,89%"
"20.12.2015","156,70","157,30","159,60","152,50","1,78M","-0,67%"
"13.12.2015","157,75","154,45","163,40","152,00","4,45M","2,14%"
"06.12.2015","154,45","160,75","164,85","153,70","3,27M","-3,01%"
"29.11.2015","159,25","168,05","171,85","157,75","4,17M","-5,63%"
"22.11.2015","168,75","168,00","170,90","162,65","2,32M","0,00%"
"15.11.2015","168,75","164,55","171,00","163,75","2,99M","1,72%"
"08.11.2015","165,90","167,25","170,95","163,20","3,15M","-0,66%"
"01.11.2015","167,00","164,65","169,40","163,95","3,68M","0,57%"
"25.10.2015","166,05","172,60","174,50","164,70","4,79M","-4,35%"
"18.10.2015","173,60","165,80","175,35","164,90","3,82M","4,55%"
"11.10.2015","166,05","164,70","167,25","162,55","3,55M","1,25%"
"04.10.2015","164,00","158,45","164,55","157,40","4,22M","5,43%"
"27.09.2015","155,55","151,35","157,25","146,80","4,89M","2,40%"
"20.09.2015","151,90","147,05","152,50","142,35","4,34M","3,51%"
"13.09.2015","146,75","145,40","151,55","143,95","4,15M","1,00%"
"06.09.2015","145,30","147,25","150,95","144,40","3,08M","-0,31%"
"30.08.2015","145,75","151,20","153,55","145,00","4,62M","-4,61%"
"23.08.2015","152,80","149,30","154,05","140,40","7,07M","-0,91%"
"16.08.2015","154,20","167,70","169,15","154,20","2,92M","-7,25%"
"09.08.2015","166,25","177,65","178,70","164,10","3,58M","-6,05%"
"02.08.2015","176,95","169,60","178,95","169,60","2,98M","3,87%"
"26.07.2015","170,35","168,65","172,90","165,90","3,31M","0,56%"
"19.07.2015","169,40","171,00","173,60","167,95","2,43M","-0,56%"
"12.07.2015","170,35","167,75","172,30","165,20","3,03M","3,46%"
"05.07.2015","164,65","155,00","165,15","153,80","3,86M","3,98%"
"28.06.2015","158,35","161,95","165,40","157,65","4,25M","-6,11%"
"21.06.2015","168,65","165,50","170,90","164,50","3,92M","4,23%"
"14.06.2015","161,80","164,30","165,85","160,25","4,10M","-2,32%"
"07.06.2015","165,65","166,65","170,75","163,25","3,01M","-0,60%"
"31.05.2015","166,65","173,10","175,20","166,30","2,83M","-3,08%"
"24.05.2015","171,95","174,50","178,00","171,70","3,07M","-1,63%"
"17.05.2015","174,80","168,00","175,00","166,15","2,77M","3,80%"
"10.05.2015","168,40","171,40","172,20","164,90","2,92M","-2,91%"
"03.05.2015","173,45","172,45","174,30","165,25","4,14M","1,76%"
"26.04.2015","170,45","175,50","179,55","167,25","3,18M","-3,02%"
"19.04.2015","175,75","175,15","181,30","173,10","3,45M","-0,31%"
"12.04.2015","176,30","178,15","179,25","175,75","3,33M","-1,48%"
"05.04.2015","178,95","174,60","178,95","172,35","2,22M","3,62%"
"29.03.2015","172,70","172,00","174,25","169,35","2,42M","0,32%"
"22.03.2015","172,15","172,45","173,10","165,40","3,40M","0,03%"
"15.03.2015","172,10","171,80","174,25","168,95","4,07M","0,20%"
"08.03.2015","171,75","164,65","171,75","163,25","3,47M","3,71%"
"01.03.2015","165,60","162,85","165,85","160,00","3,28M","2,06%"
"22.02.2015","162,25","158,00","162,25","157,20","3,20M","2,95%"
"15.02.2015","157,60","155,45","158,00","153,10","4,41M","0,99%"
"08.02.2015","156,05","156,40","162,70","152,05","5,13M","-0,98%"
"01.02.2015","157,60","159,00","160,55","154,90","3,84M","-0,91%"
"25.01.2015","159,05","155,00","160,20","154,50","4,66M","2,18%"
"18.01.2015","155,65","146,60","155,80","145,60","4,86M","6,14%"
"11.01.2015","146,65","138,20","148,85","138,05","5,04M","6,42%"
"04.01.2015","137,80","136,00","140,30","133,40","3,91M","0,29%"
"28.12.2014","137,40","138,00","140,40","136,70","1,43M","-0,69%"
"21.12.2014","138,35","137,50","139,85","137,45","1,17M","0,51%"
"14.12.2014","137,65","132,80","138,90","127,70","5,64M","3,42%"
"07.12.2014","133,10","138,55","139,00","132,85","3,51M","-4,31%"
"30.11.2014","139,10","137,00","139,10","135,40","3,58M","1,38%"
"23.11.2014","137,20","135,00","137,60","134,00","3,43M","1,29%"
"16.11.2014","135,45","130,40","136,05","129,95","3,96M","2,89%"
"09.11.2014","131,65","126,60","132,35","126,50","4,08M","3,91%"
"02.11.2014","126,70","124,70","128,05","120,40","5,15M","1,28%"
"26.10.2014","125,10","121,00","125,55","119,45","4,41M","4,51%"
"19.10.2014","119,70","119,85","121,70","117,95","4,04M","0,29%"
"12.10.2014","119,35","122,00","122,75","117,05","5,49M","-2,97%"
"05.10.2014","123,00","124,00","124,95","121,20","4,34M","-0,20%"
"28.09.2014","123,25","124,90","126,25","122,20","3,48M","-1,28%"
"21.09.2014","124,85","125,70","126,25","123,50","3,17M","-0,64%"
"14.09.2014","125,65","125,65","126,90","124,35","3,71M","-0,08%"
"07.09.2014","125,75","128,30","128,45","123,75","3,45M","-2,14%"
"31.08.2014","128,50","126,15","130,25","125,90","3,62M","1,98%"
"24.08.2014","126,00","126,30","128,60","125,65","3,44M","0,96%"
"17.08.2014","124,80","125,45","126,25","124,10","2,22M","0,36%"
"10.08.2014","124,35","125,15","126,85","123,20","3,22M","-0,12%"
"03.08.2014","124,50","124,60","127,70","123,75","3,50M","0,32%"
"27.07.2014","124,10","127,45","129,05","123,35","3,04M","-2,21%"
"20.07.2014","126,90","126,90","129,25","125,90","2,57M","-0,16%"
"13.07.2014","127,10","125,95","127,40","125,20","2,67M","0,95%"
"06.07.2014","125,90","126,85","126,85","124,60","2,59M","-0,87%"
"29.06.2014","127,00","126,00","127,45","124,55","2,76M","0,87%"
"22.06.2014","125,90","129,00","129,00","125,25","2,66M","-2,67%"
"15.06.2014","129,35","127,70","129,85","126,80","3,55M","0,90%"
"08.06.2014","128,20","127,40","129,80","126,70","2,50M","0,91%"
"01.06.2014","127,05","127,70","129,55","126,90","2,64M","-0,74%"
"25.05.2014","128,00","128,10","129,20","127,20","2,19M","-0,08%"
"18.05.2014","128,10","128,10","129,50","127,20","2,82M","-0,70%"
"11.05.2014","129,00","126,25","129,65","125,55","3,65M","1,94%"
"04.05.2014","126,55","123,85","126,75","123,15","3,44M","1,97%"
"27.04.2014","124,10","122,70","124,85","120,05","3,13M","1,60%"
"20.04.2014","122,15","121,90","123,15","120,75","2,17M","0,66%"
"13.04.2014","121,35","117,40","124,45","117,40","4,05M","3,32%"
"06.04.2014","117,45","119,00","119,35","116,35","3,27M","-1,76%"
"30.03.2014","119,55","120,35","120,55","117,90","3,01M","-0,33%"
"23.03.2014","119,95","115,00","120,20","114,55","3,11M","3,94%"
"16.03.2014","115,40","116,35","117,65","115,05","3,73M","-1,20%"
"09.03.2014","116,80","120,50","121,50","115,20","3,78M","-3,07%"
"02.03.2014","120,50","122,00","123,40","120,10","4,03M","-1,83%"
"23.02.2014","122,75","122,15","125,60","122,05","3,70M","0,57%"
"16.02.2014","122,05","123,70","123,70","120,80","3,76M","-0,73%"
"09.02.2014","122,95","128,20","134,75","122,00","8,64M","-0,45%"
"02.02.2014","123,50","122,35","124,15","120,15","3,50M","1,23%"
"26.01.2014","122,00","125,15","125,45","119,25","4,16M","-2,32%"
"19.01.2014","124,90","125,10","129,20","123,40","3,40M","-0,20%"
"12.01.2014","125,15","123,65","127,25","121,20","3,98M","1,38%"
"05.01.2014","123,45","126,00","126,95","121,80","3,62M","-2,45%"
"29.12.2013","126,55","126,85","128,45","125,40","1,17M","0,00%"
"22.12.2013","126,55","125,55","126,55","124,15","1,01M","1,20%"
"15.12.2013","125,05","123,90","125,70","122,95","4,36M","0,85%"
"08.12.2013","124,00","127,00","127,75","123,30","3,40M","-2,21%"
"01.12.2013","126,80","123,25","127,20","122,30","4,50M","2,96%"
"24.11.2013","123,15","125,75","125,75","122,80","2,56M","-1,40%"
"17.11.2013","124,90","124,50","126,50","123,20","2,55M","-0,36%"
"10.11.2013","125,35","121,00","125,40","120,80","2,99M","1,21%"
"03.11.2013","123,85","125,20","126,00","122,55","2,71M","-1,00%"
"27.10.2013","125,10","128,10","130,00","124,10","2,58M","-2,00%"
"20.10.2013","127,65","127,70","130,60","126,55","2,13M","0,12%"
"13.10.2013","127,50","125,45","127,70","120,50","3,48M","1,55%"
"06.10.2013","125,55","123,95","126,35","122,45","2,26M","0,97%"
"29.09.2013","124,35","127,00","127,85","124,35","2,20M","-2,59%"
"22.09.2013","127,65","129,55","129,80","126,55","2,04M","-1,39%"
"15.09.2013","129,45","125,40","129,75","124,80","2,67M","3,93%"
"08.09.2013","124,55","125,95","126,50","123,80","2,18M","-0,95%"
"01.09.2013","125,75","128,65","129,45","123,60","2,69M","-0,40%"
"25.08.2013","126,25","125,45","130,00","121,00","3,24M","0,52%"
"18.08.2013","125,60","130,20","130,35","124,95","2,61M","-2,97%"
"11.08.2013","129,45","127,55","130,10","125,70","2,04M","1,73%"
"04.08.2013","127,25","127,45","130,20","126,45","1,85M","0,04%"
"28.07.2013","127,20","125,40","128,50","123,95","2,61M","1,48%"
"21.07.2013","125,35","128,75","128,90","124,90","2,02M","-2,45%"
"14.07.2013","128,50","130,00","131,00","123,40","2,69M","-0,89%"
"07.07.2013","129,65","126,65","130,95","126,65","2,13M","2,33%"
"30.06.2013","126,70","126,60","129,25","124,15","2,63M","0,36%"
"23.06.2013","126,25","122,25","127,75","120,15","3,14M","3,06%"
"16.06.2013","122,50","125,50","129,00","122,50","3,27M","-2,23%"
"09.06.2013","125,30","126,55","128,00","122,60","2,34M","-1,34%"
"02.06.2013","127,00","130,35","131,25","123,60","3,10M","-2,57%"
"26.05.2013","130,35","133,70","137,65","130,35","2,44M","-1,96%"
"19.05.2013","132,95","135,35","137,50","131,80","2,77M","-1,52%"
"12.05.2013","135,00","133,80","137,10","133,60","3,50M","0,71%"
"05.05.2013","134,05","135,70","136,60","130,80","2,54M","-1,14%"
"28.04.2013","135,60","131,75","137,85","131,70","3,28M","3,95%"
"21.04.2013","130,45","127,00","133,60","124,00","3,63M","3,20%"
"14.04.2013","126,40","122,85","126,75","120,30","3,55M","2,39%"
"07.04.2013","123,45","122,20","125,80","120,90","2,73M","1,56%"
"31.03.2013","121,55","123,00","130,00","120,95","3,90M","-1,74%"
"24.03.2013","123,70","121,55","124,40","118,95","3,27M","2,83%"
"17.03.2013","120,30","118,50","123,20","118,10","3,63M","0,00%"
"10.03.2013","120,30","118,70","121,40","117,95","3,51M","1,01%"
"03.03.2013","119,10","114,20","119,50","113,60","3,23M","3,39%"
"24.02.2013","115,20","112,60","115,90","111,45","3,66M","2,31%"
"17.02.2013","112,60","110,00","112,90","109,20","2,67M","1,90%"
"10.02.2013","110,50","109,95","114,00","107,75","3,41M","1,75%"
"03.02.2013","108,60","112,00","112,00","107,55","3,20M","-2,95%"
"27.01.2013","111,90","111,00","114,50","109,40","3,11M","0,72%"
"20.01.2013","111,10","108,70","111,85","108,10","1,99M","2,59%"
"13.01.2013","108,30","104,35","110,15","103,85","2,36M","4,39%"
"06.01.2013","103,75","105,25","105,55","103,65","2,18M","-1,80%"